<root>
    <BehaviorTree>
        <Fallback text="IFTHENELSE">
            <IsObjectAtObject text="blueCube,goalLocation"/>
            <Sequence text="IFTHENELSE">
                <Fallback text="IFTHENELSE">
                    <IsObjectGrasped text="blueCube"/>
                    <Sequence text="IFTHENELSE">
                        <Fallback text="IFTHENELSE">
                            <IsRobotCloseTo text="blueCube"/>
                            <MoveCloseTo text="blueCube"/>
                        </Fallback>
                        <GraspObject text="blueCube"/>
                    </Sequence>
                </Fallback>
                <Fallback text="IFTHENELSE">
                    <IsRobotCloseTo text="goalLocation"/>
                    <MoveCloseTo text="goalLocation"/>
                </Fallback>
                <PutObjectInFront text="blueCube"/>
            </Sequence>
        </Fallback>
    </BehaviorTree>
</root>

